subreddit,Cluster,PCA1,PCA2,Hierarchical_Cluster
politics,3,32.6141801495612,27.900134857546796,3
politic,1,33.141620783153115,-20.026495593187263,5
sandersforpresident,3,25.958685360083468,33.2917857341071,3
syriancivilwar,4,25.75154651025402,-22.531019185165484,4
conservative,4,29.046828813915067,-6.556212256459561,2
worldpolitics,1,26.837504185976986,-14.288789368486174,5
enoughtrumpspam,3,19.71409009703439,33.39017705796185,3
libertarian,1,30.273139748402297,-2.6067347360944857,2
ukpolitics,4,24.7976092954096,-11.724586220591545,4
hillaryclinton,3,21.279157904332667,22.943420533960253,3
mensrights,4,19.88752470117144,0.1515819642240281,2
inthenews,1,16.32529199597826,0.13291953626170847,5
new_right,4,16.02356047246086,-19.692647216226312,2
socialism,1,22.820798137479127,0.18596309334205902,5
politicalhumor,3,13.287625726542553,14.3867304126332,5
politicaldiscussion,3,15.801411474026155,22.574047436744078,1
whiterights,4,15.718429217840452,-18.01223607438457,2
democrats,1,19.144514790393345,6.68924877253753,5
canadapolitics,1,18.802606276630367,-9.602089504583333,5
economy,1,17.36968672240865,-11.527675646272867,5
law,1,14.079033896916954,-0.8272848891120073,5
progressive,1,19.560615658787025,3.9631371024148057,5
uspolitics,1,18.31049487063414,-2.017020050446613,5
uncensorednews,4,17.18295861780615,-3.1197137751954163,2
asktrumpsupporters,3,6.746672450483857,15.527905417386332,2
altnewz,1,14.97261199280864,-9.245482236087676,5
political_revolution,1,17.40258398924763,11.059634324111574,5
justiceporn,2,-1.3272969157147352,5.96259275666495,1
kossacks_for_sanders,1,19.741578962192083,-0.8348847955020705,5
republican,4,15.537774283966085,-3.422400517392123,2
conservatives,4,12.225186575575723,-12.118410405786543,2
liberal,1,15.313235918933229,6.2689098309029925,5
geopolitics,0,13.10323906654507,-4.799439012141072,5
unfilter,0,7.084609228637733,-6.07620850133536,2
ukipparty,4,13.505751904863663,-14.353782695018216,2
climateskeptics,4,13.176591098843863,-7.244509800140775,2
enough_sanders_spam,3,10.01454732595939,13.175633094778144,3
altright,4,13.185453515646488,-6.937720341464317,2
enoughsandersspam,3,9.566802300376645,16.331408378864715,3
enoughlibertarianspam,0,11.158329790511212,7.165295962639205,5
ask_politics,2,-0.7234835239772063,10.08183667401311,1
mr_trump,4,7.116758692909303,1.9995902118263915,2
jillstein,0,13.782776968100528,3.6075552649199985,5
occupywallstreet,1,11.406846296067911,-3.854063314850566,5
abetterworldnews,0,0.8349541157727278,-9.979677132173043,2
progun,0,10.877912101515811,-1.1669736026216841,2
australianpolitics,0,6.288210662621379,-3.066177291862291,5
communism,0,10.729161892850827,-1.642515350579275,5
reformed,0,2.95254698695547,1.3206855126074966,1
shitliberalssay,0,8.54210315668067,1.8845848887667207,5
conservatives_r_us,0,5.55171358392236,-10.209613673495337,2
marchagainsttrump,0,4.746296634659816,8.306740120404916,1
socialjusticeinaction,4,8.658908883206992,-1.3261956734371647,2
labor,0,7.932763625582081,-1.5903861638827126,5
conservativesonly,0,5.720176084414254,-8.256728930840374,2
impeach_trump,0,6.415284865396304,7.451418612705677,1
britishpolitics,0,7.8602248466157,-6.635321943263035,5
shitpoliticssays,0,7.708370099599326,2.345133886379269,2
gunpolitics,0,7.9305657821915,-1.180914015442832,2
againstmensrights,0,4.378046231697225,0.6867498884911193,5
postnationalist,0,6.452782668792787,-7.165986352545193,1
worldevents,0,7.359900220715927,-3.561584478969143,5
shitrconservativesays,0,5.2265670056698665,4.9008958956902955,5
randpaul,0,8.333003511674793,-0.36520636928175576,1
neutralpolitics,2,-1.0080706186237263,5.922408249585077,1
europeannationalism,4,4.751343325940328,-8.201849265253058,2
communism101,0,1.988116066540008,2.1527566193652556,5
libertarianmeme,0,6.193987369986215,-0.943517206874411,1
devoted,2,-8.263091363800346,-2.9376895277337938,1
esist,0,3.908413008325038,7.206668485901958,1
nevertrump,0,5.9033366872351385,-0.34584021801673503,2
obama,0,4.946579367072288,2.4464354276090905,1
alltheleft,0,6.1478166898717665,-2.0354713803930187,5
thedavidpakmanshow,0,2.419338824242878,-0.7017808483964227,1
injustice,2,-9.570495332493554,-0.5638506675614472,1
prolife,0,3.2039992991683777,0.06273775156959183,2
justiceserved,2,-4.6620905640207955,1.9551536839925674,1
terrorism,0,2.7606153539850067,-6.9438131634882625,1
neutralnews,0,2.757547915347749,3.774543456729258,1
trueprogressive,0,2.5409602378525404,-0.6277482239298983,1
europeans,0,-0.9489093469833876,-7.215498282430053,1
badeconomics,2,-1.4914477081239528,-0.7937412249414778,1
guncontrol,0,1.1559096917665186,2.764748448343128,1
antiwar,0,3.8974985196233085,-3.575172361052117,1
iranpolitics,0,-0.556499488124213,-7.372037076702365,1
samharris,2,-1.8990561014704723,1.3506918290629748,1
restorethefourth,0,2.962655631206218,-2.206344333619129,1
civpolitics,2,-3.6102023588357586,2.5292569573473855,1
europes,0,0.3430383824609609,-0.20214970663545834,1
media_criticism,0,3.388022090597851,0.07662906396224727,1
thenewcoldwar,0,1.8341339923740252,0.7213526112426645,1
stillsandersforpres,0,3.1876445902290143,1.0657354088859359,1
2016_elections,0,1.037801293316122,-0.2159078786954874,1
austrian_economics,0,1.4641674648881111,-3.563255095249214,1
socialistmusic,0,-1.8106678836308754,-0.10866486615030356,1
brexit,2,-2.452402031531111,-1.864825931495265,1
missouripolitics,2,-4.52361125764169,-0.10924621346297628,1
the_meltdown,2,-3.1190001134954017,3.4226243252994846,1
censorship,0,0.17406277426848502,-2.565086249666191,1
slatestarcodex,2,-2.276928981417333,-2.720820600269577,1
chomsky,0,0.32281099600994484,-1.5547767927327643,1
askaconservative,2,-3.5422638461563127,1.0804987775419101,1
moderatepolitics,0,1.224274923926516,-0.2501409752864389,1
killthosewhodisagree,2,-7.138012923525065,3.828671699916593,1
libertarianpartyusa,0,2.259140614627441,-0.8160483226130231,1
anarchy,2,-1.7140623982333514,-2.7384580877467837,1
sandersmedia,0,1.3751718976205234,-1.235896929351133,1
californiaforsanders,2,-1.681587727436583,2.6977748815153575,1
politicalscience,2,-2.9478109167041207,0.39594966793764863,1
rojava,0,-1.089093621006821,-4.180692566351874,1
shittankiessay,2,-3.1022392976947737,-0.21717054163327026,1
badpolitics,2,-4.204306982275561,2.5636618707282204,1
ronpaul,0,0.776124370141142,-1.4210213018757143,1
newyorkforsanders,2,-1.6139972305008656,2.6360418873768507,1
berniesanderssucks,2,-0.10510646548557591,2.0688399957206216,1
2016elections,2,-1.0317294321994777,-1.6462389850921337,1
prochoice,2,-2.16124325091956,1.678946186703691,1
badukpolitics,0,-1.3046601307240713,-3.290428664987585,1
holocaust,2,-1.936037631522723,-3.8936638500354386,1
atheismplus,2,-1.996692311560969,0.8388909275992843,1
liberalgunowners,2,-1.4646571395824997,0.7125406070020693,1
kasichforpresident,2,-1.3742122612397418,-0.30127974647737027,1
paleoconservative,2,-0.7721049965929544,-4.72574167187758,1
donaldtrump,2,-4.560489824925645,-0.3311334484617912,1
justicedemocrats,0,-0.7222850701194581,1.4529595994437237,1
catholicpolitics,2,-2.0803967854710708,-0.6833513966695912,1
ourpresident,2,-1.337579285813904,1.3553506922940977,1
fullstalinism,2,-3.677180419964118,-2.483423865580079,1
ndp,2,-3.593371568596476,0.8524697217443329,1
foreignpolicyanalysis,0,-1.4687369304857807,-2.1205124425852095,1
demsocialist,0,-0.5338896739330922,-0.17345006724566667,1
askhillarysupporters,2,-4.764823466969285,2.1622491059855578,1
antitrumpalliance,2,-2.6994220982362584,4.401721533771081,1
agitation,2,-3.719476809601836,-0.6675426661331082,1
donaldtrump2016,2,-3.470628208216921,0.06673788048915603,1
metanarchism,2,-3.1394691745410066,-0.7545199413510558,1
washingtonforsanders,2,-4.4292413847980665,1.8849461579027025,1
socialjustice101,2,-6.190850430957433,0.5618842690037992,1
upvoted,2,-6.148158599324828,-0.9702584772124165,1
leftcommunism,2,-3.5665214690220144,-0.804027662073748,1
socialists,2,-2.73223657097366,-1.345793618915438,1
neoliberal,2,-4.922596768558761,0.29008426570136747,1
justiceleague,2,-8.805492863762838,-0.008955240527495516,1
futuristparty,2,-3.5988136722492716,0.3234763622358555,1
socialanarchism,2,-2.530825568701603,-1.938500391030072,1
outcampaign,2,-1.8566665356934458,-3.6276317213481737,1
antifa,2,-4.650298771249942,-1.0160358179237694,1
pure_trump,2,-2.5292273098996896,-2.9551167696191754,1
bernie_sanders,2,-3.9423560949506546,-0.19920945899578107,1
gulag,2,-4.880921616315674,0.42229445654645614,1
foreignpolicy,2,-2.441228303799589,-2.7728743367455158,1
canadapolitic,2,-7.173770086280754,-4.762692359180862,1
shitguncontrollerssay,2,-3.941148889408813,1.2550327720386938,1
floridaforsanders,2,-4.419687859614657,2.0028074038860497,1
actualconspiracies,2,-3.9788648827116675,0.9765076446971963,1
scotus,2,-4.54034171764294,0.48962770160928026,1
gbrpolitics,2,-3.5299513667186466,-4.6470164767349065,1
texasforsanders,2,-5.588689858788318,1.306203243662686,1
ohioforsanders,2,-5.050227590815794,2.175521273259188,1
paforsanders,2,-5.539831893199521,1.702632092064576,1
politicalphilosophy,2,-5.033786257480386,0.35746609282052527,1
trumpforprison,2,-4.456713634019317,1.8635727235474646,1
mormonpolitics,2,-5.573991664657344,0.28921248791595483,1
newengland4sanders,2,-5.295307737487694,1.471956603327142,1
ncpolitics,2,-4.346794269294967,0.7291685391295925,1
daverubin,2,-6.709306587893012,0.46152543044341376,1
illinois4sanders,2,-6.12374756472706,0.7938138073455829,1
calexit,2,-6.682222451945148,0.456633607939174,1
asklibertarians,2,-6.539824220507674,0.43202593961168356,1
iowaforsanders,2,-5.444022669031082,1.200599759554902,1
codersforsanders,2,-5.868904457913637,0.973378134340955,1
mmt_economics,2,-4.689349812507949,-1.1499317678797714,1
trump16,2,-5.328347830928052,-0.24407793968643396,1
michigan4sanders,2,-6.36143015319711,0.9500931814128343,1
nevadaforsanders,2,-6.3071248661615344,1.0612048748961234,1
colorado4sanders,2,-6.357515892555239,0.545687690638168,1
republicansforsanders,2,-5.2509039162844315,0.8052845899153748,1
arizonaforsanders,2,-6.156003930772138,0.808264278490136,1
georgism,2,-8.174314214317468,-0.3981983202646605,1
newjerseyforsanders,2,-6.412824041643407,0.9332775339432966,1
politicalopinions,2,-7.000715947988713,0.756057760551005,1
shitleftistssay,2,-6.9614476584689315,-0.257319497677617,1
indianaforsanders,2,-6.034785550450552,1.011848054178305,1
wisconsin4sanders,2,-6.370099976964677,1.0110639169876658,1
southcarolina4sanders,2,-6.205051746731529,1.0414578877324554,1
anarchocommunism,2,-5.639140263806663,-0.264017871775945,1
northcarolina4sanders,2,-6.514373036206233,0.7584314531272571,1
virginiaforsanders,2,-6.471649670339123,0.7886104956213263,1
mholvote,2,-6.989500502676557,-0.10707609357306233,1
onguardforthee,2,-7.019520459349663,-0.696564357230486,1
maryland4sanders,2,-6.651809762903781,0.4664155336363854,1
devotedmap,2,-7.856296912216292,-0.5877661750431578,1
oregonforsanders,2,-6.593352157373564,0.6389473094356815,1
communists,2,-6.309735759392901,-0.6998382441561842,1
minnesota4sanders,2,-6.540889593492072,1.0264811046433526,1
feminismformen,2,-7.179390461615084,0.1926088454219948,1
leftypolitics,2,-5.496163954785045,0.28326161702950964,1
politicalmoderation,2,-5.777816653803828,-1.2097538389450486,1
explainmydownvotes,2,-8.080801203940089,0.22422987837567998,1
studentsforsanders,2,-5.7931345463134205,1.5941142655542948,1
electionreform,2,-4.986668477485923,-0.10395177965015043,1
electionfraud,2,-5.909282905651608,-0.11173474000579317,1
trumpnicknames,2,-7.14601226608265,0.3514353162364354,1
newjerseylibertarians,2,-5.401192255773016,-0.3827878289138599,1
aprogressiveparty,2,-6.271139315499963,0.23968203093800822,1
arkansasforsanders,2,-7.215100050425008,0.4379932251247505,1
libertarians,2,-5.55255628521162,-0.1952389400862832,1
acteuropa,2,-7.436203389061706,-0.7456301125840132,1
alabamaforsanders,2,-6.706811720786251,0.7032030120672665,1
socialistra,2,-7.253996093777745,-0.23588950548683055,1
distributism,2,-7.413808436524974,0.28641054106240504,1
losangelesforsanders,2,-5.873653522752565,0.5464932937300265,1
reformedhumor,2,-7.099053253784279,-0.054945711483996566,1
askaliberal,2,-7.427332914892785,-0.010961344421426902,1
againstsocialjustice,2,-6.558351152621207,-0.49205439240504073,1
globalistshills,2,-7.3299255644111,0.3446968596990808,1
mtaugustajustice,2,-8.443431262342116,-0.8185464289357338,1
political_discussion,2,-7.498837940917756,0.25842022710669205,1
socialistprogrammers,2,-7.059481558042164,-0.44096420237726114,1
scottishpolitics,2,-7.304673534500774,-0.6996223716755823,1
modelussenate,2,-7.950264933823859,0.09973177579876141,1
georgia4sanders,2,-7.091028091274649,0.44945247506844477,1
militant,2,-7.7614128364255786,-0.06714005950936704,1
missouri4sanders,2,-7.142819410770679,0.23364857819202092,1
kentuckyforsanders,2,-7.572500139831875,0.17742075097917007,1
kansas4sanders,2,-7.278098677444677,0.28979415843558304,1
politics1,2,-7.235055937153543,0.28625029920327705,1
utah4sanders,2,-7.328442831958164,0.43536386878452427,1
conservativelounge,2,-6.326258392877681,-0.7200164336641236,1
incampaign,2,-7.64188598485871,-0.2780507693045554,1
tennesseeforsanders,2,-7.100692801118483,0.10374981283101237,1
louisianaforsanders,2,-7.644546501392895,0.6211047276627109,1
theredpillright,2,-7.5324286810819805,-0.5867273834919952,1
oklahomaforsanders,2,-7.609160877119795,0.1659221572835733,1
libertariandebates,2,-7.627123707657315,0.16122509673281377,1
politicalrevolutionca,2,-7.039353251819449,0.2524453074638126,1
politicalfactchecking,2,-7.840385838130322,0.1915242108821557,1
enoughantifaspam,2,-7.6221641168547585,-0.1935262877005521,1
youngsocialistunited,2,-7.96634548244878,-0.18115775042706111,1
conservativemeta,2,-7.453260087257695,-0.5345101935794145,1
geolibertarianism,2,-7.6049614168989335,-0.47526826063836036,1
wvforsanders,2,-7.776843237860763,0.03988147365380998,1
politicalrevolutionfl,2,-7.272115920510631,0.5423244166126516,1
mississippiforsanders,2,-7.710350210593091,0.17830766407668994,1
dc4sanders,2,-7.495029749709641,0.3875463625039814,1
hawaiiforsanders,2,-7.9417914740908255,0.45250953577578346,1
socialistsforsanders,2,-6.865166660311299,-0.06592572931333467,1
idontlikerpolitics,2,-8.109310855876158,-0.0417790772076083,1
idaho4sanders,2,-7.602309226385292,0.1493399779973486,1
delaware4sanders,2,-7.882732584579188,0.44357701341666445,1
newmexicoforsanders,2,-7.9708929779953825,0.05038505283002992,1
indianpolitics,2,-8.24750885661251,-0.06242260256159567,1
alaskaforsanders,2,-7.795283045645689,0.27589412686842646,1
nebraska4sanders,2,-8.09204031888768,0.003402919467489404,1
libertarianpartyohio,2,-7.8488690462286,0.02552059102458916,1
sandiegoforsanders,2,-8.114011975236929,0.17372157259904228,1
mensrightsmeta,2,-8.09356160415587,-0.022602524092870377,1
wyomingforsanders,2,-7.681649940521517,0.20667697951868655,1
potuselection2016,2,-8.563159018509158,-0.3490247788892944,1
pdx4trump,2,-8.399644415729359,0.08823070457007959,1
northdakota4sanders,2,-7.985527473007655,0.12513857228883718,1
ieforsanders,2,-8.145401112126715,0.3563968104100027,1
expats4sanders,2,-9.568484937005246,0.01632822874343197,1
